#meta+id,#country+code+v_hrinfo_country,#country+code+v_reliefweb,#country+code+num+v_m49,#country+code+v_fts,#region+main+code,#region+main+name+preferred,#region+sub+code,#region+sub+name+preferred,#region+intermediate+code,#region+intermediate+name+preferred,#geo+lat,#geo+lon,#country+code+v_iso2,#country+code+v_iso3,#country+name+preferred,#country+name+i_en+alt+v_unterm,#country+name+i_fr+alt+v_unterm,#country+name+i_es+alt+v_unterm,#country+name+i_ru+alt+v_unterm,#country+name+i_zh+alt+v_unterm,#country+name+i_ar+alt+v_unterm,#country+code+v_wikidata,#country+name+i_pt+v_wikidata,#country+name+i_es+v_wikidata,#country+name+i_en+v_wikidata,#country+name+i_fr+v_wikidata,#country+name+i_sw+v_wikidata,#country+name+i_tet+v_wikidata,#country+name+i_yue+v_wikidata
1,181,13,4,1,142,Asia,34,Southern Asia,,,33.83147477,66.02621828,AF,AFG,Afghanistan,Afghanistan,Afghanistan (l') [masc.],Afganistán (el),Афганистан,阿富汗,أفغانستان,Q889,Afeganistão,Afganistán,Afghanistan,Afghanistan,Afghanistan,Afeganistaun,阿富汗
2,182,14,248,2,150,Europe,154,Northern Europe,,,,,AX,ALA,Åland Islands,Aland Islands,,,,,,Q5689,Åland,Åland,Åland Islands,Åland,Visiwa vya Aland,Q5689,奧蘭群島
3,183,15,8,3,150,Europe,39,Southern Europe,,,41.13180899,20.06882519,AL,ALB,Albania,Albania,Albanie (l') [fém.],Albania,Албания,阿尔巴尼亚,ألبانيا,Q222,Albânia,Albania,Albania,Albanie,Albania,Albánia,阿爾巴尼亞
4,184,16,12,4,2,Africa,15,Northern Africa,,,28.16474462,2.63351219,DZ,DZA,Algeria,Algeria,Algérie (l') [fém.],Argelia,Алжир,阿尔及利亚,الجزائر,Q262,Argélia,Argelia,Algeria,Algérie,Algeria,Q262,阿爾及利亞
5,185,17,16,5,9,Oceania,61,Polynesia,,,-14.30440488,-170.70783,AS,ASM,American Samoa,American Samoa,,,,,,Q16641,Samoa Americana,Samoa Estadounidense,American Samoa,Samoa américaines,Samoa ya Marekani,Q16641,美屬薩摩亞
6,186,18,20,6,150,Europe,39,Southern Europe,,,42.55527067,1.578938861,AD,AND,Andorra,Andorra,Andorre (l') [fém.],Andorra,Андорра,安道尔,أندورا,Q228,Andorra,Andorra,Andorra,Andorre,Andorra,Andorra,安道爾
7,187,19,24,7,2,Africa,202,Sub-Saharan Africa,17,Middle Africa,-12.3755731,17.59867248,AO,AGO,Angola,Angola,Angola (l') [masc.],Angola,Ангола,安哥拉,أنغولا,Q916,Angola,Angola,Angola,Angola,Angola,Angola,安哥拉
8,188,20,660,8,19,Americas,419,Latin America and the Caribbean,29,Caribbean,18.22301491,-63.06006462,AI,AIA,Anguilla,Anguilla,,,,,,Q25228,Anguilla,Anguila,Anguilla,Anguilla,Anguilla,Q25228,安圭拉
9,189,,10,9,,,,,,,-80.45066299,21.43458373,AQ,ATA,Antarctica,Antarctica,,,,,,Q21590062,Zona do Tratado sobre a Antártida,Región del Tratado Antártico,Antarctic Treaty area,région du Traité sur l'Antarctique,Q21590062,Q21590062,南極條約地區
10,190,21,28,10,19,Americas,419,Latin America and the Caribbean,29,Caribbean,17.07120733,-61.79815058,AG,ATG,Antigua and Barbuda,Antigua and Barbuda,Antigua-et-Barbuda [fém.],Antigua y Barbuda,Антигуа и Барбуда,安提瓜和巴布达,أنتيغوا وبربودا,Q781,Antígua e Barbuda,Antigua y Barbuda,Antigua and Barbuda,Antigua-et-Barbuda,Antigua na Barbuda,Antígua no Barbuda,安提瓜巴布達
11,191,22,32,11,19,Americas,419,Latin America and the Caribbean,5,South America,-34.98567234,-65.12225892,AR,ARG,Argentina,Argentina,Argentine (l') [fém.],Argentina (la),Аргентина,阿根廷,الأرجنتين,Q414,Argentina,Argentina,Argentina,Argentine,Argentina,Arjentina,阿根廷
12,192,23,51,12,142,Asia,145,Western Asia,,,40.29202499,44.9429026,AM,ARM,Armenia,Armenia,Arménie (l') [fém.],Armenia,Армения,亚美尼亚,أرمينيا,Q399,Arménia,Armenia,Armenia,Arménie,Armenia,Arménia,亞美尼亞
13,193,24,533,13,19,Americas,419,Latin America and the Caribbean,29,Caribbean,12.5156546,-69.9757266,AW,ABW,Aruba,Aruba,,,,,,Q21203,Aruba,Aruba,Aruba,Aruba,Aruba,Q21203,阿魯巴島
14,194,25,36,14,9,Oceania,53,Australia and New Zealand,,,-25.40546125,134.2181189,AU,AUS,Australia,Australia,Australie (l') [fém.],Australia,Австралия,澳大利亚,أستراليا,Q408,Austrália,Australia,Australia,Australie,Australia,Austrália,澳洲
15,195,26,40,15,150,Europe,155,Western Europe,,,47.59086187,14.13920086,AT,AUT,Austria,Austria,Autriche (l') [fém.],Austria,Австрия,奥地利,النمسا,Q40,Áustria,Austria,Austria,Autriche,Austria,Áustria,奧地利
16,196,27,31,16,142,Asia,145,Western Asia,,,40.42670781,47.80669468,AZ,AZE,Azerbaijan,Azerbaijan,Azerbaïdjan (l') [masc.],Azerbaiyán,Азербайджан,阿塞拜疆,أذربيجان,Q227,Azerbaijão,Azerbaiyán,Azerbaijan,Azerbaïdjan,Azerbaijan,Azerbaijaun,阿塞拜疆
17,197,29,44,17,19,Americas,419,Latin America and the Caribbean,29,Caribbean,25.90317684,-78.61665744,BS,BHS,Bahamas,Bahamas,Bahamas (les) [fém.],Bahamas (las),Багамские Острова,巴哈马,جزر البهاما,Q778,Bahamas,Bahamas,The Bahamas,Bahamas,Bahamas,Bahamas,巴哈馬
18,198,30,48,18,142,Asia,145,Western Asia,,,26.05396006,50.53486327,BH,BHR,Bahrain,Bahrain,Bahreïn [masc.],Bahrein,Бахрейн,巴林,البحرين,Q398,Bahrein,Baréin,Bahrain,Bahreïn,Bahrain,Barein,巴林
19,199,31,50,19,142,Asia,34,Southern Asia,,,23.88207427,90.24107264,BD,BGD,Bangladesh,Bangladesh,Bangladesh (le),Bangladesh,Бангладеш,孟加拉国,بنغلاديش,Q902,Bangladesh,Bangladés,Bangladesh,Bangladesh,Bangladesh,Bangladexe,孟加拉國
20,200,32,52,20,19,Americas,419,Latin America and the Caribbean,29,Caribbean,13.184952,-59.55382245,BB,BRB,Barbados,Barbados,Barbade (la),Barbados,Барбадос,巴巴多斯,بربادوس,Q244,Barbados,Barbados,Barbados,Barbade,Barbados,Barbadus,巴巴多斯
21,201,33,112,21,150,Europe,151,Eastern Europe,,,53.53965016,28.04932937,BY,BLR,Belarus,Belarus,Bélarus (le),Belarús,Беларусь,白俄罗斯,بيلاروس,Q184,Bielorrússia,Bielorrusia,Belarus,Biélorussie,Belarus,Bielorúsia,白俄羅斯
22,202,34,56,22,150,Europe,155,Western Europe,,,50.64206011,4.658786236,BE,BEL,Belgium,Belgium,Belgique (la),Bélgica,Бельгия,比利时,بلجيكا,Q31,Bélgica,Bélgica,Belgium,Belgique,Ubelgiji,Béljika,比利時
23,203,35,84,23,19,Americas,419,Latin America and the Caribbean,13,Central America,17.20829609,-88.69988922,BZ,BLZ,Belize,Belize,Belize (le),Belice,Белиз,伯利兹,بليز,Q242,Belize,Belice,Belize,Belize,Belize,Belize,伯利茲
24,204,36,204,24,2,Africa,202,Sub-Saharan Africa,11,Western Africa,9.642665015,2.342864021,BJ,BEN,Benin,Benin,Bénin (le),Benin,Бенин,贝宁,بنن,Q962,Benim,Benín,Benin,Bénin,Benin,Q962,貝寧
25,205,37,60,25,19,Americas,21,Northern America,,,32.31605051,-64.73984042,BM,BMU,Bermuda,Bermuda,,,,,,Q23635,Bermudas,Bermudas,Bermuda,Bermudes,Bermuda,Q23635,百慕達
26,206,38,64,26,142,Asia,34,Southern Asia,,,27.41443467,90.43085885,BT,BTN,Bhutan,Bhutan,Bhoutan (le),Bhután,Бутан,不丹,بوتان,Q917,Butão,Bután,Bhutan,Bhoutan,Bhutan,Butaun,不丹
27,207,39,68,27,19,Americas,419,Latin America and the Caribbean,5,South America,-16.71483757,-64.66829843,BO,BOL,Bolivia (Plurinational State of),Bolivia,Bolivie (État plurinational de) (l'),Bolivia (Estado Plurinacional de),Боливия (Многонациональное Государство),玻利维亚（多民族国）,بوليفيا (دولة - المتعددة القوميات),Q750,Bolívia,Bolivia,Bolivia,Bolivie,Bolivia,Bolívia,玻利維亞
28,208,40,70,28,150,Europe,39,Southern Europe,,,44.16506495,17.79105724,BA,BIH,Bosnia and Herzegovina,"Bonaire, Saint Eustatius and Saba",Bosnie-Herzégovine (la),Bosnia y Herzegovina,Босния и Герцеговина,波斯尼亚和黑塞哥维那,البوسنة والهرسك,Q225,Bósnia e Herzegovina,Bosnia y Herzegovina,Bosnia and Herzegovina,Bosnie-Herzégovine,Bosnia na Herzegovina,Bóznia no Erzegovina,波斯尼亞
29,209,14894,535,29,19,Americas,419,Latin America and the Caribbean,29,Caribbean,,,BQ,BES,"Bonaire, Sint Eustatius and Saba",Bosnia and Herzegovina,,,,,,Q27561,Países Baixos Caribenhos,Caribe neerlandés,Caribbean Netherlands,Pays-Bas caribéens,Q27561,Q27561,加勒比尼德蘭
30,210,41,72,30,2,Africa,202,Sub-Saharan Africa,18,Southern Africa,-22.17991766,23.81673035,BW,BWA,Botswana,Botswana,Botswana (le),Botswana,Ботсвана,博茨瓦纳,بوتسوانا,Q963,Botsuana,Botsuana,Botswana,Botswana,Botswana,Q963,波茨華拿
31,211,,74,31,19,Americas,419,Latin America and the Caribbean,5,South America,-54.42190835,3.412516924,BV,BVT,Bouvet Island,Bouvet Island,,,,,,Q23408,Ilha Bouvet,Isla Bouvet,Bouvet Island,île Bouvet,Kisiwa cha Bouvet,Q23408,鮑威特島
32,212,42,76,32,19,Americas,419,Latin America and the Caribbean,5,South America,-10.77518961,-53.09141767,BR,BRA,Brazil,Brazil,Brésil (le),Brasil (el),Бразилия,巴西,البرازيل,Q155,Brasil,Brasil,Brazil,Brésil,Brazil,Brazíl,巴西
33,213,,86,33,2,Africa,202,Sub-Saharan Africa,14,Eastern Africa,-7.334186151,72.43402037,IO,IOT,British Indian Ocean Territory,British Indian Ocean Territory,,,,,,Q43448,Território Britânico do Oceano Índico,Territorio Británico del Océano Índico,British Indian Ocean Territory,Territoire britannique de l'océan Indien,Eneo la Uingereza katika Bahari Hindi,Q43448,英屬印度洋領地
34,214,44,96,34,142,Asia,35,South-eastern Asia,,,4.439247073,114.4374636,BN,BRN,Brunei Darussalam,Brunei Darussalam,Brunéi Darussalam (le),Brunei Darussalam,Бруней-Даруссалам,文莱达鲁萨兰国,بروني دار السلام,Q921,Brunei,Brunéi,Brunei,Brunei,Brunei,Brunei,汶萊
35,215,45,100,35,150,Europe,151,Eastern Europe,,,42.76069057,25.23572028,BG,BGR,Bulgaria,Bulgaria,Bulgarie (la),Bulgaria,Болгария,保加利亚,بلغاريا,Q219,Bulgária,Bulgaria,Bulgaria,Bulgarie,Bulgaria,Bulgária,保加利亞
36,216,46,854,36,2,Africa,202,Sub-Saharan Africa,11,Western Africa,12.27790144,-1.738649343,BF,BFA,Burkina Faso,Burkina Faso,Burkina Faso (le),Burkina Faso,Буркина-Фасо,布基纳法索,بوركينا فاسو,Q965,Burkina Faso,Burkina Faso,Burkina Faso,Burkina Faso,Burkina Faso,Q965,布基納法索
37,217,47,108,37,2,Africa,202,Sub-Saharan Africa,14,Eastern Africa,-3.356208708,29.89200134,BI,BDI,Burundi,Burundi,Burundi (le),Burundi,Бурунди,布隆迪,بوروندي,Q967,Burundi,Burundi,Burundi,Burundi,Burundi,Q967,布隆迪
38,218,48,116,38,142,Asia,35,South-eastern Asia,,,12.71583138,104.9221723,KH,KHM,Cambodia,Cambodia,Cambodge (le),Camboya,Камбоджа,柬埔寨,كمبوديا,Q424,Camboja,Camboya,Cambodia,Cambodge,Kamboja,Kamboja,柬埔寨
39,219,49,120,39,2,Africa,202,Sub-Saharan Africa,17,Middle Africa,5.68036831,12.74068837,CM,CMR,Cameroon,Cameroon,Cameroun (le),Camerún (el),Камерун,喀麦隆,الكاميرون,Q1009,Camarões,Camerún,Cameroon,Cameroun,Kamerun,Q1009,喀麥隆
40,220,50,124,40,19,Americas,21,Northern America,,,61.4126317,-98.23039804,CA,CAN,Canada,Canada,Canada (le),Canadá (el),Канада,加拿大,كندا,Q16,Canadá,Canadá,Canada,Canada,Kanada,Kanadá,加拿大
41,221,52,132,41,2,Africa,202,Sub-Saharan Africa,11,Western Africa,17.52133998,-24.58506404,CV,CPV,Cabo Verde,Cabo Verde,Cabo Verde (sans article),Cabo Verde,Кабо-Верде,佛得角,كابو فيردي,Q1011,Cabo Verde,Cabo Verde,Cape Verde,Cap-Vert,Cabo Verde,Kabuverde,維德角
42,222,53,136,42,19,Americas,419,Latin America and the Caribbean,29,Caribbean,19.31065556,-81.20426038,KY,CYM,Cayman Islands,Cayman Islands,,,,,,Q5785,Ilhas Caimão,Islas Caimán,Cayman Islands,îles Caïmans,Cayman,Q5785,開曼群島
43,223,54,140,43,2,Africa,202,Sub-Saharan Africa,17,Middle Africa,6.570747926,20.48450088,CF,CAF,Central African Republic,Central African Republic,République centrafricaine (la),República Centroafricana (la),Центральноафриканская Республика,中非共和国,جمهورية أفريقيا الوسطى,Q929,República Centro-Africana,República Centroafricana,Central African Republic,République centrafricaine,Jamhuri ya Afrika ya Kati,Q929,中非共和國
44,224,55,148,44,2,Africa,202,Sub-Saharan Africa,17,Middle Africa,15.35740495,18.66399556,TD,TCD,Chad,Chad,Tchad (le),Chad (el),Чад,乍得,تشاد,Q657,Chade,Chad,Chad,Tchad,Chad,Xade,乍得
45,225,57,152,45,19,Americas,419,Latin America and the Caribbean,5,South America,-37.68386885,-71.33321859,CL,CHL,Chile,Chile,Chili (le),Chile,Чили,智利,شيلي,Q298,Chile,Chile,Chile,Chili,Chile,Xile,智利
46,226,58,156,46,142,Asia,30,Eastern Asia,,,36.67464756,103.8680636,CN,CHN,China,China,Chine (la),China,Китай,中国,الصين,Q148,China,República Popular China,People's Republic of China,République populaire de Chine,Jamhuri ya Watu wa China,Xina,中華人民共和國
47,227,62,162,47,9,Oceania,53,Australia and New Zealand,,,-10.44411458,105.7036972,CX,CXR,Christmas Island,Christmas Island,,,,,,Q31063,Ilha Christmas,Isla de Navidad,Christmas Island,île Christmas,Kisiwa cha Krismasi,Q31063,聖誕島
48,228,63,166,48,9,Oceania,53,Australia and New Zealand,,,-12.17127014,96.83690355,CC,CCK,Cocos (Keeling) Islands,Cocos (Keeling) Islands,,,,,,Q36004,Ilhas Cocos,islas Cocos,Cocos (Keeling) Islands,îles Cocos,Visiwa vya Cocos,Q36004,可可斯 (基林) 群島
49,229,64,170,49,19,Americas,419,Latin America and the Caribbean,5,South America,3.897367041,-73.07080696,CO,COL,Colombia,Colombia,Colombie (la),Colombia,Колумбия,哥伦比亚,كولومبيا,Q739,Colômbia,Colombia,Colombia,Colombie,Kolombia,Kolómbia,哥倫比亞
50,230,65,174,50,2,Africa,202,Sub-Saharan Africa,14,Eastern Africa,-11.42407818,42.8293551,KM,COM,Comoros,Comoros,Comores (les) [fém.],Comoras (las),Коморские Острова,科摩罗,جزر القمر,Q970,Comores,Comoras,Comoros,Comores,Komori,Q970,科摩羅
51,231,66,178,51,2,Africa,202,Sub-Saharan Africa,17,Middle Africa,-0.83949506,15.22629207,CG,COG,Congo,Congo Republic,Congo (le),Congo (el),Конго,刚果,الكونغو,Q971,República do Congo,República del Congo,Republic of the Congo,République du Congo,Jamhuri ya Kongo,Q971,剛果
52,232,75,180,52,2,Africa,202,Sub-Saharan Africa,17,Middle Africa,-2.876807692,23.65623593,CD,COD,Democratic Republic of the Congo,DR Congo,République démocratique du Congo (la),República Democrática del Congo (la),Демократическая Республика Конго,刚果民主共和国,جمهورية الكونغو الديمقراطية,Q974,República Democrática do Congo,República Democrática del Congo,Democratic Republic of the Congo,République démocratique du Congo,Jamhuri ya Kidemokrasia ya Kongo,Q974,剛果民主共和國
53,233,67,184,53,9,Oceania,61,Polynesia,,,-20.14332999,-159.7599857,CK,COK,Cook Islands,Cook Islands,Îles Cook (les),Islas Cook (las),Острова Кука,库克群岛,جزر كوك,Q26988,Ilhas Cook,Islas Cook,Cook Islands,Îles Cook,Visiwa vya Cook,Q26988,曲克群島
54,234,68,188,54,19,Americas,419,Latin America and the Caribbean,13,Central America,9.960735487,-84.18254176,CR,CRI,Costa Rica,Costa Rica,Costa Rica (le),Costa Rica,Коста-Рика,哥斯达黎加,كوستاريكا,Q800,Costa Rica,Costa Rica,Costa Rica,Costa Rica,Kosta Rika,Kostarrika,哥斯達黎加
55,235,69,384,55,2,Africa,202,Sub-Saharan Africa,11,Western Africa,7.630087005,-5.552402136,CI,CIV,Côte d'Ivoire,Cote d'Ivoire,Côte d'Ivoire (la),Côte d'Ivoire,Кот-д'Ивуар,科特迪瓦,كوت ديفوار,Q1008,Costa do Marfim,Costa de Marfil,Ivory Coast,Côte d'Ivoire,Cote d'Ivoire,Q1008,象牙海岸
56,236,70,191,56,150,Europe,39,Southern Europe,,,45.18877041,16.42353441,HR,HRV,Croatia,Croatia,Croatie (la),Croacia,Хорватия,克罗地亚,كرواتيا,Q224,Croácia,Croacia,Croatia,Croatie,Kroatia,Kroásia,克羅地亞
57,237,71,192,57,19,Americas,419,Latin America and the Caribbean,29,Caribbean,21.6053525,-78.90713844,CU,CUB,Cuba,Cuba,Cuba [fém.],Cuba,Куба,古巴,كوبا,Q241,Cuba,Cuba,Cuba,Cuba,Kuba,Kuba,古巴
58,238,14893,531,58,19,Americas,419,Latin America and the Caribbean,29,Caribbean,,,CW,CUW,Curaçao,Curacao,,,,,,Q25279,Curaçao,Curazao,Curaçao,Curaçao,Korsou,Q25279,庫拉索島
59,239,72,196,59,142,Asia,145,Western Asia,,,35.01941238,33.1666508,CY,CYP,Cyprus,Cyprus,Chypre [fém.],Chipre,Кипр,塞浦路斯,قبرص,Q229,Chipre,Chipre,Cyprus,Chypre,Kupro,Xipre,塞浦路斯
60,240,73,203,60,150,Europe,151,Eastern Europe,,,49.74240068,15.34943448,CZ,CZE,Czechia,Czech Republic,République tchèque (la),República Checa (la),Чешская Республика,捷克共和国,الجمهورية التشيكية,Q213,República Checa,República Checa,Czech Republic,Tchéquie,Ucheki,Repúblika Xeka,捷克
61,241,76,208,61,150,Europe,154,Northern Europe,,,56.06439188,9.942213684,DK,DNK,Denmark,Denmark,Danemark (le),Dinamarca,Дания,丹麦,الدانمرك,Q756617,Dinamarca,Dinamarca,Denmark,Royaume du Danemark,Denmark,Dinamarka,Q756617
62,242,77,262,62,2,Africa,202,Sub-Saharan Africa,14,Eastern Africa,11.74658946,42.58022315,DJ,DJI,Djibouti,Djibouti,Djibouti [masc.],Djibouti,Джибути,吉布提,جيبوتي,Q977,Djibouti,Yibuti,Djibouti,Djibouti,Jibuti,Q977,吉布提
63,243,78,212,63,19,Americas,419,Latin America and the Caribbean,29,Caribbean,15.42468124,-61.36047599,DM,DMA,Dominica,Dominica,Dominique (la),Dominica,Доминика,多米尼克,دومينيكا,Q784,Dominica,Dominica,Dominica,Dominique,Dominica,Domínika,多米尼克
64,244,79,214,64,19,Americas,419,Latin America and the Caribbean,29,Caribbean,18.89453409,-70.49429315,DO,DOM,Dominican Republic,Dominican Republic,République dominicaine (la),República Dominicana (la),Доминиканская Республика,多米尼加,الجمهورية الدومينيكية,Q786,República Dominicana,República Dominicana,Dominican Republic,République dominicaine,Jamhuri ya Dominika,Repúblika Dominikana,多明尼加
65,245,81,218,65,19,Americas,419,Latin America and the Caribbean,5,South America,-1.464036749,-78.05190165,EC,ECU,Ecuador,Ecuador,Équateur (l') [masc.],Ecuador (el),Эквадор,厄瓜多尔,إكوادور,Q736,Equador,Ecuador,Ecuador,Équateur,Ekuador,Ekuadór,厄瓜多爾
66,246,82,818,66,2,Africa,15,Northern Africa,,,26.55281781,29.78562814,EG,EGY,Egypt,Egypt,Égypte (l') [fém.],Egipto,Египет,埃及,مصر,Q79,Egito,Egipto,Egypt,Égypte,Misri,Ejitu,埃及
67,247,83,222,67,19,Americas,419,Latin America and the Caribbean,13,Central America,13.72764125,-88.86315324,SV,SLV,El Salvador,El Salvador,El Salvador [masc.],El Salvador,Сальвадор,萨尔瓦多,السلفادور,Q792,El Salvador,El Salvador,El Salvador,Salvador,El Salvador,Salvadór,薩爾瓦多
68,248,84,226,68,2,Africa,202,Sub-Saharan Africa,17,Middle Africa,1.412936146,10.61572825,GQ,GNQ,Equatorial Guinea,Equatorial Guinea,Guinée équatoriale (la),Guinea Ecuatorial,Экваториальная Гвинея,赤道几内亚,غينيا الاستوائية,Q983,Guiné Equatorial,Guinea Ecuatorial,Equatorial Guinea,Guinée équatoriale,Guinea ya Ikweta,Q983,赤道畿內亞
69,249,85,232,69,2,Africa,202,Sub-Saharan Africa,14,Eastern Africa,15.37695899,38.82792338,ER,ERI,Eritrea,Eritrea,Érythrée (l') [fém.],Eritrea,Эритрея,厄立特里亚,إريتريا,Q986,Eritreia,Eritrea,Eritrea,Érythrée,Eritrea,Q986,厄立特里亞
70,250,86,233,70,150,Europe,154,Northern Europe,,,58.70758667,26.168216,EE,EST,Estonia,Estonia,Estonie (l') [fém.],Estonia,Эстония,爱沙尼亚,إستونيا,Q191,Estónia,Estonia,Estonia,Estonie,Estonia,Estónia,愛沙尼亞
71,251,87,231,71,2,Africa,202,Sub-Saharan Africa,14,Eastern Africa,8.633664665,39.61587345,ET,ETH,Ethiopia,Ethiopia,Éthiopie (l') [fém.],Etiopía,Эфиопия,埃塞俄比亚,إثيوبيا,Q115,Etiópia,Etiopía,Ethiopia,Éthiopie,Ethiopia,Q115,埃塞俄比亞
72,252,88,238,72,19,Americas,419,Latin America and the Caribbean,5,South America,-51.7638724,-55.8098409,FK,FLK,Falkland Islands (Malvinas),Falkland Islands,,,,,,Q9648,Ilhas Malvinas,Islas Malvinas,Falkland Islands,îles Malouines,Visiwa vya Falkland,Q9648,福克蘭羣島
73,253,89,234,73,150,Europe,154,Northern Europe,,,61.64924758,-6.548553177,FO,FRO,Faroe Islands,Faeroe Islands,,,,,,Q4628,Ilhas Feroe,Islas Feroe,Faroe Islands,îles Féroé,Visiwa vya Faroe,Nusar Faroé,法羅群島
74,254,90,242,74,9,Oceania,54,Melanesia,,,-19.0190607,195.3435043,FJ,FJI,Fiji,Fiji,Fidji (les) [fém.],Fiji,Фиджи,斐济,فيجي,Q712,Fiji,Fiyi,Fiji,Fidji,Fiji,Q712,斐濟
75,255,91,246,75,150,Europe,154,Northern Europe,,,64.52173893,26.29452799,FI,FIN,Finland,Finland,Finlande (la),Finlandia,Финляндия,芬兰,فنلندا,Q33,Finlândia,Finlandia,Finland,Finlande,Ufini,Finlándia,芬蘭
76,256,92,250,76,150,Europe,155,Western Europe,,,46.6984015,2.350055968,FR,FRA,France,France,France (la),Francia,Франция,法国,فرنسا,Q142,França,Francia,France,France,Ufaransa,Fransa,法國
77,257,93,254,77,19,Americas,419,Latin America and the Caribbean,5,South America,3.928100844,-53.24266781,GF,GUF,French Guiana,French Guiana,,,,,,Q3769,Guiana Francesa,Guayana Francesa,French Guiana,Guyane,Guyana ya Kifaransa,Q3769,法屬圭亞那
78,258,94,258,78,9,Oceania,61,Polynesia,,,-24.06211632,-156.7187297,PF,PYF,French Polynesia,French Polynesia,,,,,,Q30971,Polinésia Francesa,Polinesia Francesa,French Polynesia,Polynésie française,Polynesia ya Kifaransa,Q30971,法屬波利尼西亞
79,259,,260,79,2,Africa,202,Sub-Saharan Africa,14,Eastern Africa,-49.32257975,69.49884805,TF,ATF,French Southern and Antarctic Territories,French Southern Territories,,,,,,Q129003,Terras Austrais e Antárticas Francesas,Tierras Australes y Antárticas Francesas,French Southern and Antarctic Lands,Terres australes et antarctiques françaises,Q129003,Q129003,法屬南部領地
80,260,96,266,80,2,Africa,202,Sub-Saharan Africa,17,Middle Africa,-0.595400581,11.79997877,GA,GAB,Gabon,Gabon,Gabon (le),Gabón (el),Габон,加蓬,غابون,Q1000,Gabão,Gabón,Gabon,Gabon,Gabon,Q1000,加蓬
81,261,98,270,81,2,Africa,202,Sub-Saharan Africa,11,Western Africa,13.44470328,-15.44718402,GM,GMB,Gambia,Gambia,Gambie (la),Gambia,Гамбия,冈比亚,غامبيا,Q1005,Gâmbia,Gambia,The Gambia,Gambie,Gambia,Q1005,甘比亞
82,262,100,268,82,142,Asia,145,Western Asia,,,42.17290221,43.5117089,GE,GEO,Georgia,Georgia,Géorgie (la),Georgia,Грузия,格鲁吉亚,جورجيا,Q230,Geórgia,Georgia,Georgia,Géorgie,Georgia,Jeórjia,格魯吉亞
83,263,101,276,83,150,Europe,155,Western Europe,,,51.08227882,10.37515859,DE,DEU,Germany,Germany,Allemagne (l') [fém.],Alemania,Германия,德国,ألمانيا,Q183,Alemanha,Alemania,Germany,Allemagne,Ujerumani,Alemaña,德國
84,264,102,288,84,2,Africa,202,Sub-Saharan Africa,11,Western Africa,7.956118608,-1.209564758,GH,GHA,Ghana,Ghana,Ghana (le),Ghana,Гана,加纳,غانا,Q117,Gana,Ghana,Ghana,Ghana,Ghana,Gana,加納
85,265,103,292,85,150,Europe,39,Southern Europe,,,36.13872267,-5.34508156,GI,GIB,Gibraltar,Gibraltar,,,,,,Q1410,Gibraltar,Gibraltar,Gibraltar,Gibraltar,Gibraltar,Jibraltár,直布羅陀
86,266,104,300,86,150,Europe,39,Southern Europe,,,39.99547189,22.15714659,GR,GRC,Greece,Greece,Grèce (la),Grecia,Греция,希腊,اليونان,Q41,Grécia,Grecia,Greece,Grèce,Ugiriki,Grésia,希臘
87,267,105,304,87,19,Americas,21,Northern America,,,74.714673,-41.37858526,GL,GRL,Greenland,Greenland,,,,,,Q223,Groenlândia,Groenlandia,Greenland,Groenland,Greenland,Q223,格陵蘭
88,268,106,308,88,19,Americas,419,Latin America and the Caribbean,29,Caribbean,12.11295969,-61.67937955,GD,GRD,Grenada,Grenada,Grenade (la),Granada,Гренада,格林纳达,غرينادا,Q769,Granada,Granada,Grenada,Grenade,Grenada,Granada,格林納達
89,269,107,312,89,19,Americas,419,Latin America and the Caribbean,29,Caribbean,16.40393131,-61.75296289,GP,GLP,Guadeloupe,Guadeloupe,,,,,,Q17012,Guadalupe,Guadalupe,Guadeloupe,Guadeloupe,Guadeloupe,Q17012,瓜德羅普
90,270,108,316,90,9,Oceania,57,Micronesia,,,13.47185432,144.784677,GU,GUM,Guam,Guam,,,,,,Q16635,Guam,Guam,Guam,Guam,Guam,Q16635,關島
91,271,109,320,91,19,Americas,419,Latin America and the Caribbean,13,Central America,15.699081,-90.35850945,GT,GTM,Guatemala,Guatemala,Guatemala (le),Guatemala,Гватемала,危地马拉,غواتيمالا,Q774,Guatemala,Guatemala,Guatemala,Guatemala,Guatemala,Guatemala,危地馬拉
92,272,,831,92,150,Europe,154,Northern Europe,830,Channel Islands,,,GG,GGY,Guernsey,Guernsey,,,,,,Q25230,Guernsey,Guernsey,Guernsey,Guernesey,Guernsey,Q25230,根息島
93,273,110,324,93,2,Africa,202,Sub-Saharan Africa,11,Western Africa,10.43642262,-10.95068301,GN,GIN,Guinea,Guinea,Guinée (la),Guinea,Гвинея,几内亚,غينيا,Q1006,Guiné,Guinea,Guinea,Guinée,Guinea,Q1006,畿內亞
94,274,111,624,94,2,Africa,202,Sub-Saharan Africa,11,Western Africa,12.05479161,-14.94108332,GW,GNB,Guinea-Bissau,Guinea-Bissau,Guinée-Bissau (la),Guinea-Bissau,Гвинея-Бисау,几内亚比绍,غينيا - بيساو,Q1007,Guiné-Bissau,Guinea-Bisáu,Guinea-Bissau,Guinée-Bissau,Guinea Bisau,Giné-Bisau,畿內亞比紹
95,275,112,328,95,19,Americas,419,Latin America and the Caribbean,5,South America,4.800395012,-58.97699814,GY,GUY,Guyana,Guyana,Guyana (le),Guyana,Гайана,圭亚那,غيانا,Q734,Guiana,Guyana,Guyana,Guyana,Guyana,Giana,圭亞那
96,276,113,332,96,19,Americas,419,Latin America and the Caribbean,29,Caribbean,18.94164176,-72.65840205,HT,HTI,Haiti,Haiti,Haïti [masc.],Haití,Гаити,海地,هايتي,Q790,Haiti,Haití,Haiti,Haïti,Haiti,Haití,海地
97,277,114,334,97,9,Oceania,53,Australia and New Zealand,,,-53.0998917,73.52881216,HM,HMD,Heard Island and McDonald Islands,Heard and McDonald Islands,,,,,,Q131198,Ilha Heard e Ilhas McDonald,Islas Heard y McDonald,Heard Island and McDonald Islands,îles Heard-et-MacDonald,Q131198,Q131198,克島同麥當奴群島
98,278,115,336,98,150,Europe,39,Southern Europe,,,41.90336493,12.45225447,VA,VAT,Holy See,Holy See,Saint-Siège (le),Santa Sede (la),Святой Престол,教廷,الكرسي الرسولي,Q237,Vaticano,Ciudad del Vaticano,Vatican City,Cité du Vatican,Vatikani,Vatikanu,梵蒂岡
99,279,116,340,99,19,Americas,419,Latin America and the Caribbean,13,Central America,14.80908243,-86.63495948,HN,HND,Honduras,Honduras,Honduras (le),Honduras,Гондурас,洪都拉斯,هندوراس,Q783,Honduras,Honduras,Honduras,Honduras,Honduras,Onduras,洪都拉斯
100,280,59,344,100,142,Asia,30,Eastern Asia,,,22.4216098,114.1539976,HK,HKG,"China, Hong Kong Special Administrative Region",Hong Kong,,,,,,Q8646,Hong Kong,Hong Kong,Hong Kong,Hong Kong,Hong Kong,Q8646,香港
101,281,117,348,101,150,Europe,151,Eastern Europe,,,47.16567815,19.42172591,HU,HUN,Hungary,Hungary,Hongrie (la),Hungría,Венгрия,匈牙利,هنغاريا,Q28,Hungria,Hungría,Hungary,Hongrie,Hungaria,Ungria,匈牙利
102,282,118,352,102,150,Europe,154,Northern Europe,,,64.99668622,-18.61425416,IS,ISL,Iceland,Iceland,Islande (l') [fém.],Islandia,Исландия,冰岛,آيسلندا,Q189,Islândia,Islandia,Iceland,Islande,Iceland,Izlándia,冰島
103,283,119,356,103,142,Asia,34,Southern Asia,,,22.37137039,79.32792202,IN,IND,India,India,Inde (l') [fém.],India (la),Индия,印度,الهند,Q668,Índia,India,India,Inde,Uhindi,Índia,印度
104,284,120,360,104,142,Asia,35,South-eastern Asia,,,-2.21433486,117.2844335,ID,IDN,Indonesia,Indonesia,Indonésie (l') [fém.],Indonesia,Индонезия,印度尼西亚,إندونيسيا,Q252,Indonésia,Indonesia,Indonesia,Indonésie,Indonesia,Indonézia,印尼
105,285,121,364,105,142,Asia,34,Southern Asia,,,32.57533772,54.2973284,IR,IRN,Iran (Islamic Republic of),Iran,Iran (République islamique d'),Irán (República Islámica del),Иран (Исламская Республика),伊朗（伊斯兰共和国）,إيران (جمهورية - الإسلامية),Q794,Irão,Irán,Iran,Iran,Uajemi,Iraun,伊朗
106,286,122,368,106,142,Asia,145,Western Asia,,,33.04497404,43.77207391,IQ,IRQ,Iraq,Iraq,Iraq (l') [masc.],Iraq (el),Ирак,伊拉克,العراق,Q796,Iraque,Irak,Iraq,Irak,Iraq,Irake,伊拉克
107,287,123,372,107,150,Europe,154,Northern Europe,,,53.16969376,-8.154213185,IE,IRL,Ireland,Ireland,Irlande (l') [fém.],Irlanda,Ирландия,爱尔兰,آيرلندا,Q27,República da Irlanda,Irlanda,Ireland,Irlande,Eire,Irlanda,愛爾蘭共和國
108,288,124,833,108,150,Europe,154,Northern Europe,,,,,IM,IMN,Isle of Man,Isle of Man,,,,,,Q9676,Ilha de Man,Isla de Man,Isle of Man,île de Man,Isle of Man,Q9676,萌島
109,289,125,376,109,142,Asia,145,Western Asia,,,31.33857325,34.96023155,IL,ISR,Israel,Israel,Israël [masc.],Israel,Израиль,以色列,إسرائيل,Q801,Israel,Israel,Israel,Israël,Israel,Izraél,以色列
110,290,126,380,110,150,Europe,39,Southern Europe,,,43.76610159,11.68396919,IT,ITA,Italy,Italy,Italie (l') [fém.],Italia,Италия,意大利,إيطاليا,Q38,Itália,Italia,Italy,Italie,Italia,Itália,意大利
111,291,127,388,111,19,Americas,419,Latin America and the Caribbean,29,Caribbean,18.15206196,-77.31137184,JM,JAM,Jamaica,Jamaica,Jamaïque (la),Jamaica,Ямайка,牙买加,جامايكا,Q766,Jamaica,Jamaica,Jamaica,Jamaïque,Jamaika,Jamaika,牙買加
112,292,128,392,112,142,Asia,30,Eastern Asia,,,37.63209801,138.0812256,JP,JPN,Japan,Japan,Japon (le),Japón (el),Япония,日本,اليابان,Q17,Japão,Japón,Japan,Japon,Japani,Japaun,日本
113,293,,832,113,150,Europe,154,Northern Europe,830,Channel Islands,,,JE,JEY,Jersey,Jersey,,,,,,Q785,Jersey,Jersey,Jersey,Jersey,Jersey,Q785,澤西島
114,294,129,400,114,142,Asia,145,Western Asia,,,31.25223934,36.78497101,JO,JOR,Jordan,Jordan,Jordanie (la),Jordania,Иордания,约旦,الأردن,Q810,Jordânia,Jordania,Jordan,Jordanie,Yordani,Jordánia,約旦
115,295,130,398,115,142,Asia,143,Central Asia,,,48.16011678,67.30440515,KZ,KAZ,Kazakhstan,Kazakhstan,Kazakhstan (le),Kazajstán,Казахстан,哈萨克斯坦,كازاخستان,Q232,Cazaquistão,Kazajistán,Kazakhstan,Kazakhstan,Kazakhstan,Kazakistaun,哈薩克
116,296,131,404,116,2,Africa,202,Sub-Saharan Africa,14,Eastern Africa,0.529620946,37.85784174,KE,KEN,Kenya,Kenya,Kenya (le),Kenya,Кения,肯尼亚,كينيا,Q114,Quénia,Kenia,Kenya,Kenya,Kenya,Q114,肯雅
117,297,132,296,117,9,Oceania,57,Micronesia,,,1.844810739,-160.2677952,KI,KIR,Kiribati,Kiribati,Kiribati [fém.],Kiribati,Кирибати,基里巴斯,كيريباس,Q710,Kiribati,Kiribati,Kiribati,Kiribati,Kiribati,Q710,基里巴斯
118,298,74,408,118,142,Asia,30,Eastern Asia,,,40.14251168,127.1828259,KP,PRK,Democratic People's Republic of Korea,North Korea,République populaire démocratique de Corée (la),República Popular Democrática de Corea (la),Корейская Народно-Демократическая Республика,朝鲜民主主义人民共和国,جمهورية كوريا الشعبية الديمقراطية,Q423,Coreia do Norte,Corea del Norte,North Korea,Corée du Nord,Korea Kaskazini,Koreia Norte,朝鮮民主主義人民共和國
119,299,194,410,119,142,Asia,30,Eastern Asia,,,36.52377792,127.8821461,KR,KOR,Republic of Korea,South Korea,République de Corée (la),República de Corea (la),Республика Корея,大韩民国,جمهورية كوريا,Q884,Coreia do Sul,Corea del Sur,South Korea,Corée du Sud,Korea Kusini,Koreia Súl,大韓民國
120,300,133,414,120,142,Asia,145,Western Asia,,,29.29832118,47.53304536,KW,KWT,Kuwait,Kuwait,Koweït (le),Kuwait,Кувейт,科威特,الكويت,Q817,Kuwait,Kuwait,Kuwait,Koweït,Kuwait,Kuwait,科威特
121,301,134,417,121,142,Asia,143,Central Asia,,,41.46387775,74.55247592,KG,KGZ,Kyrgyzstan,Kyrgyz Republic,Kirghizistan (le),Kirguistán,Кыргызстан,吉尔吉斯斯坦,قيرغيزستان,Q813,Quirguistão,Kirguistán,Kyrgyzstan,Kirghizistan,Kirgizia,Kirgizistaun,吉爾吉斯
122,302,135,418,122,142,Asia,35,South-eastern Asia,,,18.50518622,103.7662533,LA,LAO,Lao People's Democratic Republic,Laos,République démocratique populaire lao (la),República Democrática Popular Lao (la),Лаосская Народно-Демократическая Республика,老挝人民民主共和国,جمهورية لاو الديمقراطية الشعبية,Q819,Laos,Laos,Laos,Laos,Laos,Laos,老撾
123,303,136,428,123,150,Europe,154,Northern Europe,,,56.85765774,24.92335393,LV,LVA,Latvia,Latvia,Lettonie (la),Letonia,Латвия,拉脱维亚,لاتفيا,Q211,Letónia,Letonia,Latvia,Lettonie,Latvia,Letónia,拉脫維亞
124,304,137,422,124,142,Asia,145,Western Asia,,,33.91995955,35.88513386,LB,LBN,Lebanon,Lebanon,Liban (le),Líbano (el),Ливан,黎巴嫩,لبنان,Q822,Líbano,Líbano,Lebanon,Liban,Lebanoni,Líbanu,黎巴嫩
125,305,138,426,125,2,Africa,202,Sub-Saharan Africa,18,Southern Africa,-29.58448841,28.24105147,LS,LSO,Lesotho,Lesotho,Lesotho (le),Lesotho,Лесото,莱索托,ليسوتو,Q1013,Lesoto,Lesoto,Lesotho,Lesotho,Lesotho,Q1013,萊索托
126,306,139,430,126,2,Africa,202,Sub-Saharan Africa,11,Western Africa,6.445498409,-9.307443775,LR,LBR,Liberia,Liberia,Libéria (le),Liberia,Либерия,利比里亚,ليبريا,Q1014,Libéria,Liberia,Liberia,Liberia,Liberia,Q1014,利比利亞
127,307,140,434,127,2,Africa,15,Northern Africa,,,27.04420762,18.02212777,LY,LBY,Libya,Libya,Libye (la),Libia,Ливия,利比亚,ليبيا,Q1016,Líbia,Libia,Libya,Libye,Libya,Q1016,利比亞
128,308,141,438,128,150,Europe,155,Western Europe,,,47.16457362,9.558885464,LI,LIE,Liechtenstein,Liechtenstein,Liechtenstein (le),Liechtenstein,Лихтенштейн,列支敦士登,ليختنشتاين,Q347,Liechtenstein,Liechtenstein,Liechtenstein,Liechtenstein,Liechtenstein,Listenstaina,列支敦士登
129,309,142,440,129,150,Europe,154,Northern Europe,,,55.3344892,23.90739502,LT,LTU,Lithuania,Lithuania,Lituanie (la),Lituania,Литва,立陶宛,ليتوانيا,Q37,Lituânia,Lituania,Lithuania,Lituanie,Lituanya,Lituánia,立陶宛
130,310,143,442,130,150,Europe,155,Western Europe,,,49.77027091,6.08637699,LU,LUX,Luxembourg,Luxembourg,Luxembourg (le),Luxemburgo,Люксембург,卢森堡,لكسمبرغ,Q32,Luxemburgo,Luxemburgo,Luxembourg,Luxembourg,Luxemburg,Luxemburgu,盧森堡
131,311,60,446,131,142,Asia,30,Eastern Asia,,,22.1985265,113.5450075,MO,MAC,"China, Macao Special Administrative Region",Macao,,,,,,Q14773,Macau,Macao,Macau,Macao,Macau,Makau,澳門
132,312,229,807,132,150,Europe,39,Southern Europe,,,41.59654823,21.69480535,MK,MKD,Republic of North Macedonia,Macedonia,Macédoine du Nord (la),Macedonia del Norte,Северная Македония,北马其顿,مقدونيا الشمالية,Q221,Macedónia do Norte,Macedonia del Norte,North Macedonia,Macédoine du Nord,Masedonia ya Kaskazini,Masedónia Norte,北馬其頓共和國
133,313,144,450,133,2,Africa,202,Sub-Saharan Africa,14,Eastern Africa,-19.37969027,46.70406219,MG,MDG,Madagascar,Madagascar,Madagascar [fém.],Madagascar,Мадагаскар,马达加斯加,مدغشقر,Q1019,Madagáscar,Madagascar,Madagascar,Madagascar,Madagaska,Q1019,馬達加斯加
134,314,146,454,134,2,Africa,202,Sub-Saharan Africa,14,Eastern Africa,-13.21991287,34.31171876,MW,MWI,Malawi,Malawi,Malawi (le),Malawi,Малави,马拉维,ملاوي,Q1020,Malawi,Malaui,Malawi,Malawi,Malawi,Q1020,馬拉維
135,315,147,458,135,142,Asia,35,South-eastern Asia,,,2.745185714,140.4915783,MY,MYS,Malaysia,Malaysia,Malaisie (la),Malasia,Малайзия,马来西亚,ماليزيا,Q833,Malásia,Malasia,Malaysia,Malaisie,Malaysia,Malázia,馬來西亞
136,316,148,462,136,142,Asia,34,Southern Asia,,,5.068606213,73.32614511,MV,MDV,Maldives,Maldives,Maldives (les) [fém.],Maldivas,Мальдивские Острова,马尔代夫,ملديف,Q826,Maldivas,Maldivas,Maldives,Maldives,Maldivi,Maldivas,馬爾代夫
137,317,149,466,137,2,Africa,202,Sub-Saharan Africa,11,Western Africa,17.34640627,-3.525051581,ML,MLI,Mali,Mali,Mali (le),Malí,Мали,马里,مالي,Q912,Mali,Malí,Mali,Mali,Mali,Q912,馬里
138,318,150,470,138,150,Europe,39,Southern Europe,,,35.90417953,14.42365795,MT,MLT,Malta,Malta,Malte [fém.],Malta,Мальта,马耳他,مالطة,Q233,Malta,Malta,Malta,Malte,Malta,Malta,馬耳他
139,319,151,584,139,9,Oceania,57,Micronesia,,,9.499091883,169.0954645,MH,MHL,Marshall Islands,Marshall Islands,Îles Marshall (les),Islas Marshall (las),Маршалловы Острова,马绍尔群岛,جزر مارشال,Q709,Ilhas Marshall,Islas Marshall,Marshall Islands,Îles Marshall,Visiwa vya Marshall,Q709,馬紹爾群島
140,320,152,474,140,19,Americas,419,Latin America and the Caribbean,29,Caribbean,14.65403719,-61.02842534,MQ,MTQ,Martinique,Martinique,,,,,,Q17054,Martinica,Martinica,Martinique,Martinique,Martinique,Q17054,馬提尼克
141,321,153,478,141,2,Africa,202,Sub-Saharan Africa,11,Western Africa,20.25780429,-10.33010275,MR,MRT,Mauritania,Mauritania,Mauritanie (la),Mauritania,Мавритания,毛里塔尼亚,موريتانيا,Q1025,Mauritânia,Mauritania,Mauritania,Mauritanie,Mauritania,Q1025,毛里塔尼亞
142,322,154,480,142,2,Africa,202,Sub-Saharan Africa,14,Eastern Africa,-20.27530781,57.56676664,MU,MUS,Mauritius,Mauritius,Maurice [fém.],Mauricio,Маврикий,毛里求斯,موريشيوس,Q1027,Maurícia,Mauricio,Mauritius,Maurice,Morisi,Q1027,毛厘士
143,323,155,175,143,2,Africa,202,Sub-Saharan Africa,14,Eastern Africa,-12.81970382,45.13516865,YT,MYT,Mayotte,Mayotte,,,,,,Q17063,Mayotte,Mayotte,Mayotte,Mayotte,Mayotte,Q17063,馬約特
144,324,156,484,144,19,Americas,419,Latin America and the Caribbean,13,Central America,23.93832004,-102.5023164,MX,MEX,Mexico,Mexico,Mexique (le),México,Мексика,墨西哥,المكسيك,Q96,México,México,Mexico,Mexique,Mexiko,Méxiku,墨西哥
145,325,157,583,145,9,Oceania,57,Micronesia,,,6.879864281,158.2381178,FM,FSM,Micronesia (Federated States of),"Micronesia, Fed. Sts.",Micronésie (États fédérés de),Micronesia (Estados Federados de),Микронезия (Федеративные Штаты),密克罗尼西亚（联邦）,ميكرونيزيا (ولايات - الموحدة),Q702,Micronésia,Estados Federados de Micronesia,Federated States of Micronesia,États fédérés de Micronésie,Mikronesia,Q702,密克羅尼西亞聯邦
146,326,158,498,146,150,Europe,151,Eastern Europe,,,47.19293174,28.47499987,MD,MDA,Republic of Moldova,Moldova,République de Moldova (la),la República de Moldova,Республика Молдова,摩尔多瓦共和国,جمهورية مولدوفا,Q217,Moldávia,Moldavia,Moldova,Moldavie,Moldova,Moldávia,摩爾多瓦
147,327,159,492,147,150,Europe,155,Western Europe,,,43.74830756,7.410882167,MC,MCO,Monaco,Monaco,Monaco [masc.],Mónaco,Монако,摩纳哥,موناكو,Q235,Mónaco,Mónaco,Monaco,Monaco,Monako,Mónaku,摩納哥
148,328,160,496,148,142,Asia,30,Eastern Asia,,,46.83576732,103.0813238,MN,MNG,Mongolia,Mongolia,Mongolie (la),Mongolia,Монголия,蒙古,منغوليا,Q711,Mongólia,Mongolia,Mongolia,Mongolie,Mongolia,Mongólia,蒙古國
149,329,161,499,149,150,Europe,39,Southern Europe,,,42.78905871,19.26989732,ME,MNE,Montenegro,Montenegro,Monténégro (le),Montenegro,Черногория,黑山,الجبل الأسود,Q236,Montenegro,Montenegro,Montenegro,Monténégro,Montenegro,Montenegru,黑山
150,330,162,500,150,19,Americas,419,Latin America and the Caribbean,29,Caribbean,16.73536624,-62.18693595,MS,MSR,Montserrat,Montserrat,,,,,,Q13353,Montserrat,Montserrat,Montserrat,Montserrat,Montserrat,Q13353,蒙塞拉特島
151,331,163,504,151,2,Africa,15,Northern Africa,,,31.8836769,-6.317283613,MA,MAR,Morocco,Morocco,Maroc (le),Marruecos,Марокко,摩洛哥,المغرب,Q1028,Marrocos,Marruecos,Morocco,Maroc,Moroko,Q1028,摩洛哥
152,332,164,508,152,2,Africa,202,Sub-Saharan Africa,14,Eastern Africa,-17.2617763,35.55202528,MZ,MOZ,Mozambique,Mozambique,Mozambique (le),Mozambique,Мозамбик,莫桑比克,موزامبيق,Q1029,Moçambique,Mozambique,Mozambique,Mozambique,Msumbiji,Mosambike,莫三鼻給
153,333,165,104,153,142,Asia,35,South-eastern Asia,,,21.17952353,96.50232755,MM,MMR,Myanmar,Myanmar,Myanmar (le),Myanmar,Мьянма,缅甸,ميانمار,Q836,Myanmar,Birmania,Myanmar,Birmanie,Myanmar,Birmánia,緬甸
154,334,166,516,154,2,Africa,202,Sub-Saharan Africa,18,Southern Africa,-22.13362728,17.21558466,NA,NAM,Namibia,Namibia,Namibie (la),Namibia,Намибия,纳米比亚,ناميبيا,Q1030,Namíbia,Namibia,Namibia,Namibie,Namibia,Q1030,納米比亞
155,335,167,520,155,9,Oceania,57,Micronesia,,,-0.528781574,166.9232132,NR,NRU,Nauru,Nauru,Nauru [fém.],Nauru,Науру,瑙鲁,ناورو,Q697,Nauru,Nauru,Nauru,Nauru,Nauru,Q697,瑙魯
156,336,168,524,156,142,Asia,34,Southern Asia,,,28.25396507,83.9316657,NP,NPL,Nepal,Nepal,Népal (le),Nepal,Непал,尼泊尔,نيبال,Q837,Nepal,Nepal,Nepal,Népal,Nepal,Nepál,尼泊爾
157,337,169,528,157,150,Europe,155,Western Europe,,,52.26998137,5.675062933,NL,NLD,Netherlands,Netherlands,Pays-Bas (les),Países Bajos (los),Нидерланды,荷兰,هولندا,Q29999,Países Baixos,Países Bajos,Netherlands,Pays-Bas,Uholanzi,Olanda,荷蘭
159,339,171,540,159,9,Oceania,54,Melanesia,,,-21.33942425,165.2996228,NC,NCL,New Caledonia,New Caledonia,,,,,,Q33788,Nova Caledónia,Nueva Caledonia,New Caledonia,Nouvelle-Calédonie,Kaledonia Mpya,Q33788,新喀里多尼亞
160,340,172,554,160,9,Oceania,53,Australia and New Zealand,,,-56.5161571,161.1190313,NZ,NZL,New Zealand,New Zealand,Nouvelle-Zélande (la),Nueva Zelandia,Новая Зеландия,新西兰,نيوزيلندا,Q664,Nova Zelândia,Nueva Zelanda,New Zealand,Nouvelle-Zélande,Nyuzilandi,Q664,紐西蘭
161,341,173,558,161,19,Americas,419,Latin America and the Caribbean,13,Central America,12.83712778,-85.03655572,NI,NIC,Nicaragua,Nicaragua,Nicaragua (le),Nicaragua,Никарагуа,尼加拉瓜,نيكاراغوا,Q811,Nicarágua,Nicaragua,Nicaragua,Nicaragua,Nikaragua,Nikarágua,尼加拉瓜
162,342,174,562,162,2,Africa,202,Sub-Saharan Africa,11,Western Africa,17.42463558,9.397470038,NE,NER,Niger,Niger,Niger (le),Níger (el),Нигер,尼日尔,النيجر,Q1032,Níger,Níger,Niger,Niger,Niger,Q1032,尼日爾
163,343,175,566,163,2,Africa,202,Sub-Saharan Africa,11,Western Africa,9.590667555,8.10605344,NG,NGA,Nigeria,Nigeria,Nigéria (le),Nigeria,Нигерия,尼日利亚,نيجيريا,Q1033,Nigéria,Nigeria,Nigeria,Nigeria,Nigeria,Nijéria,尼日利亞
164,344,176,570,164,9,Oceania,61,Polynesia,,,-19.05213426,-169.8688481,NU,NIU,Niue,Niue,Nioué,Niue,Ниуэ,纽埃,نيوي,Q34020,Niue,Niue,Niue,Niue,Niue,Q34020,紐埃
165,345,177,574,165,9,Oceania,53,Australia and New Zealand,,,-29.0376577,167.952597,NF,NFK,Norfolk Island,Norfolk Island,,,,,,Q31057,Ilha Norfolk,Isla Norfolk,Norfolk Island,Île Norfolk,Kisiwa cha Norfolk,Q31057,諾福克島
166,347,179,578,167,150,Europe,154,Northern Europe,,,64.41197955,14.06269622,NO,NOR,Norway,Norway,Norvège (la),Noruega,Норвегия,挪威,النرويج,Q20,Noruega,Noruega,Norway,Norvège,Norwei,Noruega,挪威
167,348,181,512,168,142,Asia,145,Western Asia,,,20.53707855,56.1036955,OM,OMN,Oman,Oman,Oman [masc.],Omán,Оман,阿曼,عمان,Q842,Omã,Omán,Oman,Oman,Omani,Omán,阿曼
168,349,182,586,169,142,Asia,34,Southern Asia,,,29.35468377,68.78655545,PK,PAK,Pakistan,Pakistan,Pakistan (le),Pakistán (el),Пакистан,巴基斯坦,باكستان,Q843,Paquistão,Pakistán,Pakistan,Pakistan,Pakistan,Pakistaun,巴基斯坦
169,350,183,585,170,9,Oceania,57,Micronesia,,,7.514890523,134.5751097,PW,PLW,Palau,Palau,Palaos (les),Palau,Палау,帕劳,بالاو,Q695,Palau,Palaos,Palau,Palaos,Palau,Q695,帛琉
170,351,180,275,171,142,Asia,145,Western Asia,,,31.99084142,35.30744047,PS,PSE,State of Palestine,Palestine,État de Palestine,Estado de Palestina,Государство Палестина,巴勒斯坦国,دولة فلسطين,Q219060,Estado da Palestina,Palestina,State of Palestine,État de Palestine,Palestina,Palestina,巴勒斯坦國
171,352,184,591,172,19,Americas,419,Latin America and the Caribbean,13,Central America,8.518057314,-80.07104511,PA,PAN,Panama,Panama,Panama (le),Panamá,Панама,巴拿马,بنما,Q804,Panamá,Panamá,Panama,Panama,Panama,Panamá,巴拿馬
172,353,185,598,173,9,Oceania,54,Melanesia,,,-6.834760878,143.0464597,PG,PNG,Papua New Guinea,Papua New Guinea,Papouasie-Nouvelle-Guinée (la),Papua Nueva Guinea,Папуа-Новая Гвинея,巴布亚新几内亚,بابوا غينيا الجديدة,Q691,Papua-Nova Guiné,Papúa Nueva Guinea,Papua New Guinea,Papouasie-Nouvelle-Guinée,Papua Guinea Mpya,Q691,巴布亞新畿內亞
173,354,186,600,174,19,Americas,419,Latin America and the Caribbean,5,South America,-23.23840821,-58.39126243,PY,PRY,Paraguay,Paraguay,Paraguay (le),Paraguay (el),Парагвай,巴拉圭,باراغواي,Q733,Paraguai,Paraguay,Paraguay,Paraguay,Paraguay,Paraguai,巴拉圭
174,355,187,604,175,19,Americas,419,Latin America and the Caribbean,5,South America,-9.167216491,-74.37537796,PE,PER,Peru,Peru,Pérou (le),Perú (el),Перу,秘鲁,بيرو,Q419,Peru,Perú,Peru,Pérou,Peru,Perú,秘魯
175,356,188,608,176,142,Asia,35,South-eastern Asia,,,-0.736653675,127.2358509,PH,PHL,Philippines,Philippines,Philippines (les) [fém.],Filipinas,Филиппины,菲律宾,الفلبين,Q928,Filipinas,Filipinas,Philippines,Philippines,Ufilipino,Filipinas,菲律賓
176,357,189,612,177,9,Oceania,61,Polynesia,,,-24.2051566,-127.9093208,PN,PCN,Pitcairn,Pitcairn,,,,,,Q35672,Ilhas Pitcairn,Islas Pitcairn,Pitcairn Islands,Îles Pitcairn,Pitcairn,Q35672,皮特凱恩群島
177,358,190,616,178,150,Europe,151,Eastern Europe,,,52.12847492,19.40086,PL,POL,Poland,Poland,Pologne (la),Polonia,Польша,波兰,بولندا,Q36,Polónia,Polonia,Poland,Pologne,Poland,Polónia,波蘭
178,359,191,620,179,150,Europe,39,Southern Europe,,,39.23901506,-30.21832194,PT,PRT,Portugal,Portugal,Portugal (le),Portugal,Португалия,葡萄牙,البرتغال,Q45,Portugal,Portugal,Portugal,Portugal,Ureno,Portugál,葡萄牙
179,360,192,630,180,19,Americas,419,Latin America and the Caribbean,29,Caribbean,18.22412124,-66.47814528,PR,PRI,Puerto Rico,Puerto Rico,,,,,,Q1183,Porto Rico,Puerto Rico,Puerto Rico,Porto Rico,Puerto Rico,Q1183,波多黎各
180,361,193,634,181,142,Asia,145,Western Asia,,,25.29089005,51.1841661,QA,QAT,Qatar,Qatar,Qatar (le),Qatar,Катар,卡塔尔,قطر,Q846,Catar,Catar,Qatar,Qatar,Qatar,Katár,卡塔爾
181,362,195,638,182,2,Africa,202,Sub-Saharan Africa,14,Eastern Africa,-21.12280909,55.55123933,RE,REU,Réunion,Reunion,,,,,,Q17070,Reunião,Reunión,Réunion,La Réunion,Réunion,Q17070,留尼旺
182,363,196,642,183,150,Europe,151,Eastern Europe,,,45.84314501,24.96613666,RO,ROU,Romania,Romania,Roumanie (la),Rumania,Румыния,罗马尼亚,رومانيا,Q218,Roménia,Rumania,Romania,Roumanie,Romania,Roménia,羅馬尼亞
183,364,197,643,184,150,Europe,151,Eastern Europe,,,61.97564081,96.67837519,RU,RUS,Russian Federation,Russia,Fédération de Russie (la),Federación de Rusia (la),Российская Федерация,俄罗斯联邦,الاتحاد الروسي,Q159,Rússia,Rusia,Russia,Russie,Urusi,Rúsia,俄羅斯
184,365,198,646,185,2,Africa,202,Sub-Saharan Africa,14,Eastern Africa,-1.991722808,29.92068123,RW,RWA,Rwanda,Rwanda,Rwanda (le),Rwanda,Руанда,卢旺达,رواندا,Q1037,Ruanda,Ruanda,Rwanda,Rwanda,Rwanda,Q1037,盧旺達
185,366,14890,652,186,19,Americas,419,Latin America and the Caribbean,29,Caribbean,,,BL,BLM,Saint Barthélemy,St. Barths,,,,,,Q25362,Coletividade de São Bartolomeu,San Bartolomé,Saint Barthélemy,Saint-Barthélemy,Saint-Barth,Q25362,聖巴多祿繆島
186,367,199,654,187,2,Africa,202,Sub-Saharan Africa,11,Western Africa,,,SH,SHN,Saint Helena,St. Helena,,,,,,Q192184,"Santa Helena, Ascensão e Tristão da Cunha","Santa Elena, Ascensión y Tristán de Acuña","Saint Helena, Ascension and Tristan da Cunha","Sainte-Hélène, Ascension et Tristan da Cunha",Q192184,Q192184,聖海倫娜、亞森松同崔斯坦達庫尼亞
187,368,200,659,188,19,Americas,419,Latin America and the Caribbean,29,Caribbean,17.32619066,-62.7533967,KN,KNA,Saint Kitts and Nevis,St. Kitts and Nevis,Saint-Kitts-et-Nevis [masc.],Saint Kitts y Nevis,Сент-Китс и Невис,圣基茨和尼维斯,سانت كيتس ونيفس,Q763,São Cristóvão e Nevis,San Cristóbal y Nieves,Saint Kitts and Nevis,Saint-Christophe-et-Niévès,Saint Kitts na Nevis,Saun Kristóvaun no Neves,聖傑氏尼維斯
188,369,201,662,189,19,Americas,419,Latin America and the Caribbean,29,Caribbean,13.90391475,-60.96175259,LC,LCA,Saint Lucia,St. Lucia,Sainte-Lucie [fém.],Santa Lucía,Сент-Люсия,圣卢西亚,سانت لوسيا,Q760,Santa Lúcia,Santa Lucía,Saint Lucia,Sainte-Lucie,Saint Lucia,Santa Lúsia,聖盧西亞
189,370,14891,663,190,19,Americas,419,Latin America and the Caribbean,29,Caribbean,,,MF,MAF,Saint Martin (French part),St. Martin,,,,,,Q126125,São Martinho,San Martín,Saint Martin (French part),Saint-Martin,Saint Martin,Q126125,法屬聖馬丁
190,371,202,666,191,19,Americas,21,Northern America,,,,,PM,SPM,Saint Pierre and Miquelon,St. Pierre and Miquelon,,,,,,Q34617,Saint-Pierre e Miquelon,San Pedro y Miquelón,Saint Pierre and Miquelon,Saint-Pierre-et-Miquelon,Saint-Pierre na Miquelon,Q34617,聖皮埃爾及密克隆群島
191,372,203,670,192,19,Americas,419,Latin America and the Caribbean,29,Caribbean,13.25481082,-61.19376585,VC,VCT,Saint Vincent and The Grenadines,St. Vincent and the Grenadines,Saint-Vincent-et-les Grenadines [fém.],San Vicente y las Granadinas,Сент-Винсент и Гренадины,圣文森特和格林纳丁斯,سانت فنسنت وجزر غرينادين,Q757,São Vicente e Granadinas,San Vicente y las Granadinas,Saint Vincent and the Grenadines,Saint-Vincent-et-les-Grenadines,Saint Vincent na Grenadini,Saun Visente no Granadinas,聖文森特和格林納丁斯
192,373,204,882,193,9,Oceania,61,Polynesia,,,-13.16992041,-173.5139768,WS,WSM,Samoa,Samoa,Samoa (le),Samoa,Самоа,萨摩亚,ساموا,Q683,Samoa,Samoa,Samoa,Samoa,Samoa,Q683,薩摩亞
193,374,205,674,194,150,Europe,39,Southern Europe,,,43.94362477,12.45862763,SM,SMR,San Marino,San Marino,Saint-Marin [masc.],San Marino,Сан-Марино,圣马力诺,سان مارينو,Q238,San Marino,San Marino,San Marino,Saint-Marin,San Marino,Saun Mariñu,聖馬連奴
194,375,206,678,195,2,Africa,202,Sub-Saharan Africa,17,Middle Africa,0.227069777,6.614376446,ST,STP,Sao Tome and Principe,Sao Tome and Principe,Sao Tomé-et-Principe [fém.],Santo Tomé y Príncipe,Сан-Томе и Принсипи,圣多美和普林西比,سان تومي وبرينسيبي,Q1039,São Tomé e Príncipe,Santo Tomé y Príncipe,São Tomé and Príncipe,Sao Tomé-et-Principe,Sao Tome na Principe,Saun Tomé no Prínsipe,聖多美及普林西比
195,376,207,682,196,142,Asia,145,Western Asia,,,24.12628999,44.54637538,SA,SAU,Saudi Arabia,Saudi Arabia,Arabie saoudite (l') [fém.],Arabia Saudita (la),Саудовская Аравия,沙特阿拉伯,المملكة العربية السعودية,Q851,Arábia Saudita,Arabia Saudita,Saudi Arabia,Arabie saoudite,Saudia,Arábia Saudita,沙地阿拉伯
196,377,208,686,197,2,Africa,202,Sub-Saharan Africa,11,Western Africa,14.35710542,-14.4780169,SN,SEN,Senegal,Senegal,Sénégal (le),Senegal (el),Сенегал,塞内加尔,السنغال,Q1041,Senegal,Senegal,Senegal,Sénégal,Senegal,Q1041,塞內加爾
197,378,209,688,198,150,Europe,39,Southern Europe,,,44.03017332,20.80259395,RS,SRB,Serbia,Serbia,Serbie (la),Serbia,Сербия,塞尔维亚,صربيا,Q403,Sérvia,Serbia,Serbia,Serbie,Serbia,Sérvia,塞爾維亞
198,379,210,690,199,2,Africa,202,Sub-Saharan Africa,14,Eastern Africa,-4.651257344,55.46250801,SC,SYC,Seychelles,Seychelles,Seychelles (les) [fém.],Seychelles,Сейшельские Острова,塞舌尔,سيشيل,Q1042,Seychelles,Seychelles,Seychelles,Seychelles,Shelisheli,Q1042,塞舌爾
199,380,211,694,200,2,Africa,202,Sub-Saharan Africa,11,Western Africa,8.571898577,-11.77850059,SL,SLE,Sierra Leone,Sierra Leone,Sierra Leone (la),Sierra Leona,Сьерра-Леоне,塞拉利昂,سيراليون,Q1044,Serra Leoa,Sierra Leona,Sierra Leone,Sierra Leone,Sierra Leone,Q1044,塞拉利昂
200,381,212,702,201,142,Asia,35,South-eastern Asia,,,1.344965221,103.8094495,SG,SGP,Singapore,Singapore,Singapour [fém.],Singapur,Сингапур,新加坡,سنغافورة,Q334,Singapura,Singapur,Singapore,Singapour,Singapuri,Singapura,星加坡
201,382,14892,534,202,19,Americas,419,Latin America and the Caribbean,29,Caribbean,,,SX,SXM,Sint Maarten (Dutch part),Sint Maarten,,,,,,Q26273,São Martinho,San Martín,Sint Maarten,Saint-Martin,Sint Maarten,Q26273,荷屬聖馬丁
202,383,213,703,203,150,Europe,151,Eastern Europe,,,48.70609262,19.49110883,SK,SVK,Slovakia,Slovakia,Slovaquie (la),Eslovaquia,Словакия,斯洛伐克,سلوفاكيا,Q214,Eslováquia,Eslovaquia,Slovakia,Slovaquie,Slovakia,Eslovákia,斯洛伐克
203,384,214,705,204,150,Europe,39,Southern Europe,,,46.123589,14.82836958,SI,SVN,Slovenia,Slovenia,Slovénie (la),Eslovenia,Словения,斯洛文尼亚,سلوفينيا,Q215,Eslovénia,Eslovenia,Slovenia,Slovénie,Slovenia,Eslovénia,斯洛文尼亞
204,385,215,90,205,9,Oceania,54,Melanesia,,,-8.823576119,159.6577946,SB,SLB,Solomon Islands,Solomon Islands,Îles Salomon (les),Islas Salomón (las),Соломоновы Острова,所罗门群岛,جزر سليمان,Q685,Ilhas Salomão,Islas Salomón,Solomon Islands,Îles Salomon,Visiwa vya Solomon,Q685,所羅門群島
205,386,216,706,206,2,Africa,202,Sub-Saharan Africa,14,Eastern Africa,6.070298569,45.86808802,SO,SOM,Somalia,Somalia,Somalie (la),Somalia,Сомали,索马里,الصومال,Q1045,Somália,Somalia,Somalia,Somalie,Somalia,Q1045,索馬里
206,387,217,710,207,2,Africa,202,Sub-Saharan Africa,18,Southern Africa,-28.99235649,25.09025016,ZA,ZAF,South Africa,South Africa,Afrique du Sud (l') [fém.],Sudáfrica,Южная Африка,南非,جنوب أفريقيا,Q258,África do Sul,Sudáfrica,South Africa,Afrique du Sud,Afrika Kusini,Q258,南非共和國
207,388,,239,208,19,Americas,419,Latin America and the Caribbean,5,South America,,,GS,SGS,South Georgia and the South Sandwich Islands,South Georgia and South Sandwich Islands,,,,,,Q35086,Ilhas Geórgia do Sul e Sandwich do Sul,Islas Georgias del Sur y Sándwich del Sur,South Georgia and the South Sandwich Islands,Géorgie du Sud-et-les Îles Sandwich du Sud,Visiwa vya South Georgia na South Sandwich,Q35086,南佐治亞與南三文治群島
208,389,218,724,209,150,Europe,39,Southern Europe,,,40.3097875,-3.578125378,ES,ESP,Spain,Spain,Espagne (l') [fém.],España,Испания,西班牙,إسبانيا,Q29,Espanha,España,Spain,Espagne,Hispania,España,西班牙
209,390,219,144,210,142,Asia,34,Southern Asia,,,7.617249894,80.70787736,LK,LKA,Sri Lanka,Sri Lanka,Sri Lanka [fém.],Sri Lanka,Шри-Ланка,斯里兰卡,سري لانكا,Q854,Sri Lanka,Sri Lanka,Sri Lanka,Sri Lanka,Sri Lanka,Srilanka,斯里蘭卡
210,391,8657,728,211,2,Africa,202,Sub-Saharan Africa,14,Eastern Africa,7.295889595,30.30870192,SS,SSD,South Sudan,South Sudan,Soudan du Sud (le),Sudán del Sur,Южный Судан,南苏丹,جنوب السودان,Q958,Sudão do Sul,Sudán del Sur,South Sudan,Soudan du Sud,Sudan Kusini,Q958,南蘇丹
211,392,220,729,212,2,Africa,15,Northern Africa,,,16.04892872,30.00339118,SD,SDN,Sudan,Sudan,Soudan (le),Sudán (el),Судан,苏丹,السودان,Q1049,Sudão,Sudán,Sudan,Soudan,Sudan,Q1049,蘇丹
212,393,221,740,213,19,Americas,419,Latin America and the Caribbean,5,South America,4.125518847,-55.91480138,SR,SUR,Suriname,Suriname,Suriname (le),Suriname,Суринам,苏里南,سورينام,Q730,Suriname,Surinam,Suriname,Suriname,Surinam,Suriname,蘇里南
213,394,222,744,214,150,Europe,154,Northern Europe,,,77.62362195,6.012261852,SJ,SJM,Svalbard and Jan Mayen Islands,Svalbard and Jan Mayen Islands,,,,,,Q842829,Svalbard e Jan Mayen,Svalbard y Jan Mayen,Svalbard and Jan Mayen,Svalbard et Jan Mayen,Q842829,Q842829,Q842829
214,395,223,748,215,2,Africa,202,Sub-Saharan Africa,18,Southern Africa,-26.56643647,31.50113832,SZ,SWZ,Kingdom of Eswatini,Eswatini,Eswatini (l'),Swazilandia,Свазиленд,斯威士兰,سوازيلند,Q1050,Essuatíni,Suazilandia,Eswatini,Eswatini,Eswatini,Q1050,斯威士蘭
215,396,224,752,216,150,Europe,154,Northern Europe,,,62.88018421,16.72425629,SE,SWE,Sweden,Sweden,Suède (la),Suecia,Швеция,瑞典,السويد,Q34,Suécia,Suecia,Sweden,Suède,Uswidi,Suésia,瑞典
216,397,225,756,217,150,Europe,155,Western Europe,,,46.80615952,8.243637777,CH,CHE,Switzerland,Switzerland,Suisse (la),Suiza,Швейцария,瑞士,سويسرا,Q39,Suíça,Suiza,Switzerland,Suisse,Uswisi,Suisa,瑞士
217,398,226,760,218,142,Asia,145,Western Asia,,,35.01105189,38.51123805,SY,SYR,Syrian Arab Republic,Syria,République arabe syrienne (la),República Árabe Siria (la),Сирийская Арабская Республика,阿拉伯叙利亚共和国,الجمهورية العربية السورية,Q858,Síria,Siria,Syria,Syrie,Syria,Síria,敘利亞
218,399,61,158,219,142,Asia,30,Eastern Asia,,,23.74652012,120.9621301,TW,TWN,Taiwan (Province of China),Taiwan,,,,,,Q865,Taiwan,República de China,Taiwan,Taïwan,Jamhuri ya China,Taiwán,中華民國
219,400,227,762,220,142,Asia,143,Central Asia,,,38.52699814,71.04232577,TJ,TJK,Tajikistan,Tajikistan,Tadjikistan (le),Tayikistán,Таджикистан,塔吉克斯坦,طاجيكستان,Q863,Tajiquistão,Tayikistán,Tajikistan,Tadjikistan,Tajikistan,Tajikistaun,塔吉克
220,401,244,834,221,2,Africa,202,Sub-Saharan Africa,14,Eastern Africa,-6.273241244,34.79620168,TZ,TZA,United Republic of Tanzania,Tanzania,République-Unie de Tanzanie (la),República Unida de Tanzanía (la),Объединенная Республика Танзания,坦桑尼亚联合共和国,جمهورية تنزانيا المتحدة,Q924,Tanzânia,Tanzania,Tanzania,Tanzanie,Tanzania,Q924,坦桑尼亞
221,402,228,764,222,142,Asia,35,South-eastern Asia,,,15.15949511,101.020107,TH,THA,Thailand,Thailand,Thaïlande (la),Tailandia,Таиланд,泰国,تايلند,Q869,Tailândia,Tailandia,Thailand,Thaïlande,Uthai,Tailándia,泰國
222,403,230,626,223,142,Asia,35,South-eastern Asia,,,-8.767718612,126.0420452,TL,TLS,Timor-Leste,Timor-Leste,Timor-Leste (le),Timor-Leste,Тимор-Лешти,东帝汶,تيمور- ليشتي,Q574,Timor-Leste,Timor Oriental,East Timor,Timor oriental,Timor ya Mashariki,Timor-Leste,東帝汶
223,404,231,768,224,2,Africa,202,Sub-Saharan Africa,11,Western Africa,8.541637601,0.97409513,TG,TGO,Togo,Togo,Togo (le),Togo (el),Того,多哥,توغو,Q945,Togo,Togo,Togo,Togo,Togo,Q945,多哥
224,405,232,772,225,9,Oceania,61,Polynesia,,,-9.195175351,-171.8526597,TK,TKL,Tokelau,Tokelau,,,,,,Q36823,Tokelau,Tokelau,Tokelau,Tokelau,Tokelau,Q36823,托克勞
225,406,233,776,226,9,Oceania,61,Polynesia,,,-22.92273894,-176.0448464,TO,TON,Tonga,Tonga,Tonga (les) [fém.],Tonga,Тонга,汤加,تونغا,Q678,Tonga,Tonga,Tonga,Tonga,Tonga,Q678,湯加
226,407,234,780,227,19,Americas,419,Latin America and the Caribbean,29,Caribbean,10.40535665,-61.29228487,TT,TTO,Trinidad and Tobago,Trinidad and Tobago,Trinité-et-Tobago (la),Trinidad y Tabago,Тринидад и Тобаго,特立尼达和多巴哥,ترينيداد وتوباغو,Q754,Trinidad e Tobago,Trinidad y Tobago,Trinidad and Tobago,Trinité-et-Tobago,Trinidad na Tobago,Trindade no Tobagu,千里達
227,408,235,788,228,2,Africa,15,Northern Africa,,,34.10810736,9.557630913,TN,TUN,Tunisia,Tunisia,Tunisie (la),Túnez,Тунис,突尼斯,تونس,Q948,Tunísia,Túnez,Tunisia,Tunisie,Tunisia,Q948,突尼西亞
228,409,236,792,229,142,Asia,145,Western Asia,,,38.91218946,35.69849765,TR,TUR,Turkey,Turkey,Turquie (la),Turquía,Турция,土耳其,تركيا,Q43,Turquia,Turquía,Turkey,Turquie,Uturuki,Turkia,土耳其
229,410,237,795,230,142,Asia,143,Central Asia,,,39.12455662,59.38935348,TM,TKM,Turkmenistan,Turkmenistan,Turkménistan (le),Turkmenistán,Туркменистан,土库曼斯坦,تركمانستان,Q874,Turquemenistão,Turkmenistán,Turkmenistan,Turkménistan,Turkmenistan,Turkomenistaun,土庫曼
230,411,238,796,231,19,Americas,419,Latin America and the Caribbean,29,Caribbean,21.81744592,-71.77770318,TC,TCA,Turks and Caicos Islands,Turks and Caicos Islands,,,,,,Q18221,Turks e Caicos,Islas Turcas y Caicos,Turks and Caicos Islands,îles Turques-et-Caïques,Visiwa vya Turks na Caicos,Q18221,特克斯與凱科斯群島
231,412,239,798,232,9,Oceania,61,Polynesia,,,-10.46069351,181.0881855,TV,TUV,Tuvalu,Tuvalu,Tuvalu (les) [masc.],Tuvalu,Тувалу,图瓦卢,توفالو,Q672,Tuvalu,Tuvalu,Tuvalu,Tuvalu,Tuvalu,Q672,圖瓦盧
232,413,240,800,233,2,Africa,202,Sub-Saharan Africa,14,Eastern Africa,1.280667326,32.38662225,UG,UGA,Uganda,Uganda,Ouganda (l') [masc.],Uganda,Уганда,乌干达,أوغندا,Q1036,Uganda,Uganda,Uganda,Ouganda,Uganda,Q1036,烏干達
233,414,241,804,234,150,Europe,151,Eastern Europe,,,49.01900507,31.37809941,UA,UKR,Ukraine,Ukraine,Ukraine (l') [fém.],Ucrania,Украина,乌克兰,أوكرانيا,Q212,Ucrânia,Ucrania,Ukraine,Ukraine,Ukraine,Ukránia,烏克蘭
234,415,242,784,235,142,Asia,145,Western Asia,,,23.90525867,54.35072869,AE,ARE,United Arab Emirates,United Arab Emirates,Émirats arabes unis (les),Emiratos Árabes Unidos (los),Объединенные Арабские Эмираты,阿拉伯联合酋长国,الإمارات العربية المتحدة,Q878,Emirados Árabes Unidos,Emiratos Árabes Unidos,United Arab Emirates,Émirats arabes unis,Falme za Kiarabu,Emiratu Arabi Naklibur Sira,阿拉伯聯合酋長國
235,416,243,826,236,150,Europe,154,Northern Europe,,,53.75504855,-2.103843405,GB,GBR,United Kingdom of Great Britain and Northern Ireland,United Kingdom,Royaume-Uni de Grande-Bretagne et d'Irlande du Nord (le),Reino Unido de Gran Bretaña e Irlanda del Norte (el),Соединенное Королевство Великобритании и Северной Ирландии,大不列颠及北爱尔兰联合王国,المملكة المتحدة لبريطانيا العظمى وآيرلندا الشمالية,Q145,Reino Unido,Reino Unido,United Kingdom,Royaume-Uni,Ufalme wa Muungano,Reinu Naklibur,英國
236,417,245,840,237,19,Americas,21,Northern America,,,45.73643438,-112.404207,US,USA,United States of America,United States,États-Unis d'Amérique (les),Estados Unidos de América (los),Соединенные Штаты Америки,美利坚合众国,الولايات المتحدة الأمريكية,Q30,Estados Unidos,Estados Unidos,United States of America,États-Unis,Marekani,Estadu Naklibur Sira Amérika Nian,美國
237,418,,581,238,9,Oceania,57,Micronesia,,,,,UM,UMI,United States Minor Outlying Islands (the),United States Minor Outlying Islands,,,,,,Q16645,Ilhas Menores Distantes dos Estados Unidos,Islas ultramarinas de Estados Unidos,United States Minor Outlying Islands,Îles mineures éloignées des États-Unis,Q16645,Q16645,美國邊遠島嶼
238,419,247,858,239,19,Americas,419,Latin America and the Caribbean,5,South America,-32.80198719,-56.01417232,UY,URY,Uruguay,Uruguay,Uruguay (l') [masc.],Uruguay (el),Уругвай,乌拉圭,أوروغواي,Q77,Uruguai,Uruguay,Uruguay,Uruguay,Uruguay,Uruguai,烏拉圭
239,420,248,860,240,142,Asia,143,Central Asia,,,41.74950759,63.17455249,UZ,UZB,Uzbekistan,Uzbekistan,Ouzbékistan (l') [masc.],Uzbekistán,Узбекистан,乌兹别克斯坦,أوزبكستان,Q265,Uzbequistão,Uzbekistán,Uzbekistan,Ouzbékistan,Uzbekistan,Uzbekistaun,月即別
240,421,249,548,241,9,Oceania,54,Melanesia,,,-21.04390394,171.2797047,VU,VUT,Vanuatu,Vanuatu,Vanuatu (le) [masc.],Vanuatu,Вануату,瓦努阿图,فانواتو,Q686,Vanuatu,Vanuatu,Vanuatu,Vanuatu,Vanuatu,Q686,萬那杜
241,422,250,862,242,19,Americas,419,Latin America and the Caribbean,5,South America,7.115201972,-66.18367077,VE,VEN,Venezuela (Bolivarian Republic of),Venezuela,Venezuela (République bolivarienne du),Venezuela (República Bolivariana de),Венесуэла (Боливарианская Республика),委内瑞拉(玻利瓦尔共和国),فنزويلا,Q717,Venezuela,Venezuela,Venezuela,Venezuela,Venezuela,Venezuela,委內瑞拉
242,423,251,704,243,142,Asia,35,South-eastern Asia,,,16.64893259,106.3103686,VN,VNM,Viet Nam,Viet Nam,Viet Nam (le),Viet Nam,Вьетнам,越南,فييت نام,Q881,Vietname,Vietnam,Vietnam,Viêt Nam,Vietnam,Vietname,越南
243,424,43,92,244,19,Americas,419,Latin America and the Caribbean,29,Caribbean,18.30332154,-65.11493198,VG,VGB,British Virgin Islands,British Virgin Islands,,,,,,Q25305,Ilhas Virgens Britânicas,Islas Vírgenes Británicas,British Virgin Islands,îles Vierges britanniques,Visiwa vya Virgin vya Uingereza,IVB,英屬處女羣島
244,426,252,876,246,9,Oceania,61,Polynesia,,,,,WF,WLF,Wallis and Futuna Islands,Wallis and Futuna Islands,,,,,,Q35555,Wallis e Futuna,Wallis y Futuna,Wallis and Futuna,Wallis-et-Futuna,Wallis na Futuna,Q35555,瓦利斯及富圖納群島
245,427,253,732,247,2,Africa,15,Northern Africa,,,24.66295331,-13.13425705,EH,ESH,Western Sahara,Western Sahara,,,,,,Q40362,Saara Ocidental,Sahara Occidental,Western Sahara,Sahara occidental,Sahara ya Magharibi,Q6250,西撒哈拉
246,428,255,887,248,142,Asia,145,Western Asia,,,15.96506363,47.50305348,YE,YEM,Yemen,Yemen,Yémen (le),Yemen (el),Йемен,也门,اليمن,Q805,Iémen,Yemen,Yemen,Yémen,Yemen,Iemen,也門
247,429,256,894,249,2,Africa,202,Sub-Saharan Africa,14,Eastern Africa,-13.45369192,27.80039565,ZM,ZMB,Zambia,Zambia,Zambie (la),Zambia,Замбия,赞比亚,زامبيا,Q953,Zâmbia,Zambia,Zambia,Zambie,Zambia,Q953,贊比亞
248,430,257,716,250,2,Africa,202,Sub-Saharan Africa,14,Eastern Africa,-19.00126774,29.86951021,ZW,ZWE,Zimbabwe,Zimbabwe,Zimbabwe (le),Zimbabwe,Зимбабве,津巴布韦,زمبابوي,Q954,Zimbábue,Zimbabue,Zimbabwe,Zimbabwe,Zimbabwe,Q954,津巴布韋
255,346,178,580,166,9,Oceania,57,Micronesia,,,25.56053736,152.1251419,MP,MNP,Northern Mariana Islands,Northern Mariana Islands,,,,,,,,,,,,,
265,425,246,850,245,19,Americas,419,Latin America and the Caribbean,29,Caribbean,17.39137826,-64.67699419,VI,VIR,United States Virgin Islands,United States Virgin Islands,,,,,,,,,,,,,
